Домен,Домены,Ссылки,Trust Rank,DR Rank,Тематика
1tv.kiev.ua,7,21,7,7,Справки>Энциклопедии (2) Hi-Tech>Мобильная связь (2) Спорт>Соревнования (1) Спорт>Прочее (1) СМИ>Радио (1) Культура>Театры (1) Другие (10)
airukraine.com.ua,2,2,0,0,Учёба>Учебные материалы (2) Общество>Политика (1) Top>Recreation (1) Другие (2)
althea.com.ua,1,1,0,7,Top>Computers (1) Top>Business (1) Hi-Tech>Интернет (1)
anver.com.ua,0,0,0,0,Top>Science (1)
apteka-tas.com.ua,77,252,17,18,Top>Computers (21) Top>Science (6) Дом>Здоровье (3) Бизнес>Производство и поставки (2) Hi-Tech>Интернет (2) Учёба>Науки (1) Другие (152)
autoboom.kiev.ua,59,59,0,0,Спорт>Прочее (1) Дом>Домашние животные (1) Другие (135)
avt.kiev.ua,0,0,0,0,Спорт>Хоккей (1) Top>Computers (1)
biguteriya.com.ua,13,15,0,10,Top>Computers (8) Hi-Tech>Интернет (2) Справки>Поиск людей (1) Спорт>Зимние виды спорта (1) СМИ>Периодика (1) СМИ>Информационные агентства (1) Другие (9)
bukovina.cv.ua,0,0,0,0,
business-class.kiev.ua,2,2,0,0,СМИ>Прочее (1) Дом>Покупки (1) Top>Computers (1)
chbrr.crimea.ua,16,18,4,13,Top>Computers (12) Бизнес>Финансы (4) Справки>Энциклопедии (2) Справки>Адреса и телефоны (1) СМИ>Прочее (1) СМИ>Новости (1) Другие (16)
coquette.com.ua,1,1,0,3,Работа>Работа для IT-специалистов (1) Бизнес>Производство и поставки (1) Top>Computers (1)
cvetok.kiev.ua,1,1,11,6,Top>Games (1)
darovanie.kiev.ua,1,1,0,0,Top>Science (1) Top>Computers (1)
dasha.com.ua,33,70,4,6,Top>Computers (10) Top>Science (6) Top>Society (4) Top>Shopping (4) Top>Business (3) Hi-Tech>Интернет (3) Другие (43)
dommebel.kiev.ua,0,0,0,0,Top>Computers (2)
